{
  "rows": 3,
  "cols": 3,
  "speed_kmph": 35.0,
  "detour_k": 1.35,
  "global_max_of_max_seconds": 2062.755795056793,
  "global_min_of_min_seconds": 44.196487143507824,
  "Hbar_seconds": [
    [
      1412.4893904223384,
      1142.6826437941963,
      1795.4586334545813
    ],
    [
      1419.0586232139087,
      1073.7000730087561,
      1685.5130539264287
    ],
    [
      2032.2181908606706,
      1808.041826376334,
      2062.755795056793
    ]
  ],
  "Hmin_seconds": [
    [
      189.02267852528612,
      156.32631421878858,
      375.1785406001366
    ],
    [
      174.0945061644324,
      44.196487143507824,
      559.2857455132776
    ],
    [
      689.8122802847821,
      463.92947493112047,
      690.0230339675072
    ]
  ],
  "demand_counts": [
    [
      2475,
      6106,
      1201
    ],
    [
      2645,
      47149,
      641
    ],
    [
      39,
      547,
      142
    ]
  ]
}